pattern	responses	tag	context_set
What to do if Cuts?	Wash the cut properly to prevent infection and stop the bleeding by applying pressure for 1-2minutes until bleeding stops. Apply Petroleum Jelly to make sure that the wound is moist for quick healing. Finally cover the cut with a sterile bandage. Pain relievers such as acetaminophen can be applied.	Cuts	
How to cure Cuts?	Wash the cut properly to prevent infection and stop the bleeding by applying pressure for 1-2minutes until bleeding stops. Apply Petroleum Jelly to make sure that the wound is moist for quick healing. Finally cover the cut with a sterile bandage. Pain relievers such as acetaminophen can be applied.	Cuts	
Which medicine to apply for Cuts?	Wash the cut properly to prevent infection and stop the bleeding by applying pressure for 1-2minutes until bleeding stops. Apply Petroleum Jelly to make sure that the wound is moist for quick healing. Finally cover the cut with a sterile bandage. Pain relievers such as acetaminophen can be applied.	Cuts	
what to apply on cuts?	Wash the cut properly to prevent infection and stop the bleeding by applying pressure for 1-2minutes until bleeding stops. Apply Petroleum Jelly to make sure that the wound is moist for quick healing. Finally cover the cut with a sterile bandage. Pain relievers such as acetaminophen can be applied.	Cuts	
Cuts	Wash the cut properly to prevent infection and stop the bleeding by applying pressure for 1-2minutes until bleeding stops. Apply Petroleum Jelly to make sure that the wound is moist for quick healing. Finally cover the cut with a sterile bandage. Pain relievers such as acetaminophen can be applied.	Cuts	
how do you treat abrasions?	Begin with washed hands.Gently clean the area with cool to lukewarm water and mild soap. Remove dirt or other particles from the wound using sterilized tweezers.For a mild scrape that’s not bleeding, leave the wound uncovered.If the wound is bleeding, use a clean cloth or bandage, and apply gentle pressure to the area to stop any bleeding.Cover a wound that bled with a thin layer of topical antibiotic ointment, like Bacitracin, or a sterile moisture barrier ointment, like Aquaphor. Cover it with a clean bandage or gauze. Gently clean the wound and change the ointment and bandage once per day.Watch the area for signs of infection, like pain or redness and swelling. See your doctor if you suspect infection.	Abrasions	
Do Abrasions cause scars?	Begin with washed hands.Gently clean the area with cool to lukewarm water and mild soap. Remove dirt or other particles from the wound using sterilized tweezers.For a mild scrape that’s not bleeding, leave the wound uncovered.If the wound is bleeding, use a clean cloth or bandage, and apply gentle pressure to the area to stop any bleeding.Cover a wound that bled with a thin layer of topical antibiotic ointment, like Bacitracin, or a sterile moisture barrier ointment, like Aquaphor. Cover it with a clean bandage or gauze. Gently clean the wound and change the ointment and bandage once per day.Watch the area for signs of infection, like pain or redness and swelling. See your doctor if you suspect infection.	Abrasions	
Abrasions	Begin with washed hands.Gently clean the area with cool to lukewarm water and mild soap. Remove dirt or other particles from the wound using sterilized tweezers.For a mild scrape that’s not bleeding, leave the wound uncovered.If the wound is bleeding, use a clean cloth or bandage, and apply gentle pressure to the area to stop any bleeding.Cover a wound that bled with a thin layer of topical antibiotic ointment, like Bacitracin, or a sterile moisture barrier ointment, like Aquaphor. Cover it with a clean bandage or gauze. Gently clean the wound and change the ointment and bandage once per day.Watch the area for signs of infection, like pain or redness and swelling. See your doctor if you suspect infection.	Abrasions	
what to do if abrasions?	Begin with washed hands.Gently clean the area with cool to lukewarm water and mild soap. Remove dirt or other particles from the wound using sterilized tweezers.For a mild scrape that’s not bleeding, leave the wound uncovered.If the wound is bleeding, use a clean cloth or bandage, and apply gentle pressure to the area to stop any bleeding.Cover a wound that bled with a thin layer of topical antibiotic ointment, like Bacitracin, or a sterile moisture barrier ointment, like Aquaphor. Cover it with a clean bandage or gauze. Gently clean the wound and change the ointment and bandage once per day.Watch the area for signs of infection, like pain or redness and swelling. See your doctor if you suspect infection.	Abrasions	
Which medicine to apply for abrasions?	Begin with washed hands.Gently clean the area with cool to lukewarm water and mild soap. Remove dirt or other particles from the wound using sterilized tweezers.For a mild scrape that’s not bleeding, leave the wound uncovered.If the wound is bleeding, use a clean cloth or bandage, and apply gentle pressure to the area to stop any bleeding.Cover a wound that bled with a thin layer of topical antibiotic ointment, like Bacitracin, or a sterile moisture barrier ointment, like Aquaphor. Cover it with a clean bandage or gauze. Gently clean the wound and change the ointment and bandage once per day.Watch the area for signs of infection, like pain or redness and swelling. See your doctor if you suspect infection.	Abrasions	
How to cure abrasions?	Begin with washed hands.Gently clean the area with cool to lukewarm water and mild soap. Remove dirt or other particles from the wound using sterilized tweezers.For a mild scrape that’s not bleeding, leave the wound uncovered.If the wound is bleeding, use a clean cloth or bandage, and apply gentle pressure to the area to stop any bleeding.Cover a wound that bled with a thin layer of topical antibiotic ointment, like Bacitracin, or a sterile moisture barrier ointment, like Aquaphor. Cover it with a clean bandage or gauze. Gently clean the wound and change the ointment and bandage once per day.Watch the area for signs of infection, like pain or redness and swelling. See your doctor if you suspect infection.	Abrasions	
How do you treat Sting?	Remove any stingers immediately. Some experts recommend scraping out the stinger with a credit card. Applying ice to the site may provide some mild relief. Apply ice for 20 minutes once every hour as needed. Wrap the ice in a towel or keep a cloth between the ice and skin to keep from freezing the skin. Taking an antihistamine such as diphenhydramine (Benadryl) or a nonsedating one such as loratadine (Claritin) will help with itching and swelling. Take acetaminophen (Tylenol) or ibuprofen (Motrin)for pain relief as needed. Wash the sting site with soap and water. Placing hydrocortisone cream on the sting can help relieve redness, itching, and swelling.	stings	
Stings	Remove any stingers immediately. Some experts recommend scraping out the stinger with a credit card. Applying ice to the site may provide some mild relief. Apply ice for 20 minutes once every hour as needed. Wrap the ice in a towel or keep a cloth between the ice and skin to keep from freezing the skin. Taking an antihistamine such as diphenhydramine (Benadryl) or a nonsedating one such as loratadine (Claritin) will help with itching and swelling. Take acetaminophen (Tylenol) or ibuprofen (Motrin)for pain relief as needed. Wash the sting site with soap and water. Placing hydrocortisone cream on the sting can help relieve redness, itching, and swelling.	stings	
What to do if you get a sting?	Remove any stingers immediately. Some experts recommend scraping out the stinger with a credit card. Applying ice to the site may provide some mild relief. Apply ice for 20 minutes once every hour as needed. Wrap the ice in a towel or keep a cloth between the ice and skin to keep from freezing the skin. Taking an antihistamine such as diphenhydramine (Benadryl) or a nonsedating one such as loratadine (Claritin) will help with itching and swelling. Take acetaminophen (Tylenol) or ibuprofen (Motrin)for pain relief as needed. Wash the sting site with soap and water. Placing hydrocortisone cream on the sting can help relieve redness, itching, and swelling.	stings	
Which medicine to apply if sting?	Remove any stingers immediately. Some experts recommend scraping out the stinger with a credit card. Applying ice to the site may provide some mild relief. Apply ice for 20 minutes once every hour as needed. Wrap the ice in a towel or keep a cloth between the ice and skin to keep from freezing the skin. Taking an antihistamine such as diphenhydramine (Benadryl) or a nonsedating one such as loratadine (Claritin) will help with itching and swelling. Take acetaminophen (Tylenol) or ibuprofen (Motrin)for pain relief as needed. Wash the sting site with soap and water. Placing hydrocortisone cream on the sting can help relieve redness, itching, and swelling.	stings	
How to remove Splinters	1. SOAK IT IN EPSOM SALTS. Dissolve a cup of the salts into a warm bath and soak whatever part of the body has the splinter. Failing that, you can also put some of the salts onto a bandage pad and leave it covered for a day; this will eventually help bring the splinter to the surface. 2. VINEGAR OR OIL. Another simple way to draw out that stubborn splinter is to soak the affected area in oil (olive or corn) or white vinegar. Just pour some in a bowl and soak the area for around 20 to 30 minutes,	Splinter	
How to cure Splinters?	1. SOAK IT IN EPSOM SALTS. Dissolve a cup of the salts into a warm bath and soak whatever part of the body has the splinter. Failing that, you can also put some of the salts onto a bandage pad and leave it covered for a day; this will eventually help bring the splinter to the surface. 2. VINEGAR OR OIL. Another simple way to draw out that stubborn splinter is to soak the affected area in oil (olive or corn) or white vinegar. Just pour some in a bowl and soak the area for around 20 to 30 minutes,	Splinter	
What to do if I have splinters?	1. SOAK IT IN EPSOM SALTS. Dissolve a cup of the salts into a warm bath and soak whatever part of the body has the splinter. Failing that, you can also put some of the salts onto a bandage pad and leave it covered for a day; this will eventually help bring the splinter to the surface. 2. VINEGAR OR OIL. Another simple way to draw out that stubborn splinter is to soak the affected area in oil (olive or corn) or white vinegar. Just pour some in a bowl and soak the area for around 20 to 30 minutes,	Splinter	
How do you bring a splinter to the surface?	1. SOAK IT IN EPSOM SALTS. Dissolve a cup of the salts into a warm bath and soak whatever part of the body has the splinter. Failing that, you can also put some of the salts onto a bandage pad and leave it covered for a day; this will eventually help bring the splinter to the surface. 2. VINEGAR OR OIL. Another simple way to draw out that stubborn splinter is to soak the affected area in oil (olive or corn) or white vinegar. Just pour some in a bowl and soak the area for around 20 to 30 minutes,	Splinter	
How do you treat a sprain?	Use an ice pack or ice slush bath immediately for 15 to 20 minutes and repeat every two to three hours while you're awake. To help stop swelling, compress the ankle with an elastic bandage until the swelling stops. In most cases, pain relievers — such as ibuprofen (Advil, Motrin IB, others) or naproxen sodium (Aleve, others) or acetaminophen (Tylenol, others) are enough to manage the pain of a sprained ankle.	Sprains	
what to do if i get a sprain?	Use an ice pack or ice slush bath immediately for 15 to 20 minutes and repeat every two to three hours while you're awake. To help stop swelling, compress the ankle with an elastic bandage until the swelling stops. In most cases, pain relievers — such as ibuprofen (Advil, Motrin IB, others) or naproxen sodium (Aleve, others) or acetaminophen (Tylenol, others) are enough to manage the pain of a sprained ankle.	Sprains	
Which cream to apply if i get a sprain?	Use an ice pack or ice slush bath immediately for 15 to 20 minutes and repeat every two to three hours while you're awake. To help stop swelling, compress the ankle with an elastic bandage until the swelling stops. In most cases, pain relievers — such as ibuprofen (Advil, Motrin IB, others) or naproxen sodium (Aleve, others) or acetaminophen (Tylenol, others) are enough to manage the pain of a sprained ankle.	Sprains	
Which medicine to apply if I get a sprain?	Use an ice pack or ice slush bath immediately for 15 to 20 minutes and repeat every two to three hours while you're awake. To help stop swelling, compress the ankle with an elastic bandage until the swelling stops. In most cases, pain relievers — such as ibuprofen (Advil, Motrin IB, others) or naproxen sodium (Aleve, others) or acetaminophen (Tylenol, others) are enough to manage the pain of a sprained ankle.	Sprains	
How do you treat a strain?	Rest,Ice,Compression and Elevation can be used to cure strains. Avoid using your muscle for a few days, especially if movement causes an increase in pain and also Apply ice immediately after injuring your muscle. This will minimize swelling. Don’t put ice directly on your skin. Use an ice pack or wrap ice in a towel. To reduce swelling, wrap the affected area with an elastic bandage until swelling comes down.	Strains	
what to do if i get a strain?	Rest,Ice,Compression and Elevation can be used to cure strains. Avoid using your muscle for a few days, especially if movement causes an increase in pain and also Apply ice immediately after injuring your muscle. This will minimize swelling. Don’t put ice directly on your skin. Use an ice pack or wrap ice in a towel. To reduce swelling, wrap the affected area with an elastic bandage until swelling comes down.	Strains	
Which cream to apply if i get a strain?	Rest,Ice,Compression and Elevation can be used to cure strains. Avoid using your muscle for a few days, especially if movement causes an increase in pain and also Apply ice immediately after injuring your muscle. This will minimize swelling. Don’t put ice directly on your skin. Use an ice pack or wrap ice in a towel. To reduce swelling, wrap the affected area with an elastic bandage until swelling comes down.	Strains	
Which medicine to apply if I get a strain?	Rest,Ice,Compression and Elevation can be used to cure strains. Avoid using your muscle for a few days, especially if movement causes an increase in pain and also Apply ice immediately after injuring your muscle. This will minimize swelling. Don’t put ice directly on your skin. Use an ice pack or wrap ice in a towel. To reduce swelling, wrap the affected area with an elastic bandage until swelling comes down.	Strains	
How do you diagnose a strain?	Rest,Ice,Compression and Elevation can be used to cure strains. Avoid using your muscle for a few days, especially if movement causes an increase in pain and also Apply ice immediately after injuring your muscle. This will minimize swelling. Don’t put ice directly on your skin. Use an ice pack or wrap ice in a towel. To reduce swelling, wrap the affected area with an elastic bandage until swelling comes down.	Strains	
Is heat or ice better for a pulled muscle?	Rest,Ice,Compression and Elevation can be used to cure strains. Avoid using your muscle for a few days, especially if movement causes an increase in pain and also Apply ice immediately after injuring your muscle. This will minimize swelling. Don’t put ice directly on your skin. Use an ice pack or wrap ice in a towel. To reduce swelling, wrap the affected area with an elastic bandage until swelling comes down.	Strains	
How do you treat a mild Fever?	To treat a fever at home: 1)Drink plenty of fluids to stay hydrated. 2)Dress in lightweight clothing. 3)Use a light blanket if you feel chilled, until the chills end. 4)Take acetaminophen (Tylenol, others) or ibuprofen (Advil, Motrin IB, others). 5) Get medical help if the fever lasts more than five days in a row.	Fever	
what to do if i get a mild fever?	To treat a fever at home: 1)Drink plenty of fluids to stay hydrated. 2)Dress in lightweight clothing. 3)Use a light blanket if you feel chilled, until the chills end. 4)Take acetaminophen (Tylenol, others) or ibuprofen (Advil, Motrin IB, others). 5) Get medical help if the fever lasts more than five days in a row.	Fever	
Which medicine to take if I get a mild fever?	To treat a fever at home: 1)Drink plenty of fluids to stay hydrated. 2)Dress in lightweight clothing. 3)Use a light blanket if you feel chilled, until the chills end. 4)Take acetaminophen (Tylenol, others) or ibuprofen (Advil, Motrin IB, others). 5) Get medical help if the fever lasts more than five days in a row.	Fever	
fever	To treat a fever at home: 1)Drink plenty of fluids to stay hydrated. 2)Dress in lightweight clothing. 3)Use a light blanket if you feel chilled, until the chills end. 4)Take acetaminophen (Tylenol, others) or ibuprofen (Advil, Motrin IB, others). 5) Get medical help if the fever lasts more than five days in a row.	Fever	
How do you treat nasal Congestion?	When you’re stuffed up, focus on keeping your nasal passages and sinuses moist. To keep your nasal passages moist, you can: 1)Use a humidifier or vaporizer. 2)Drink lots of fluids. This will thin out your mucus, which could help prevent blocked sinuses. 3)Place a warm, wet towel on your face. It may relieve discomfort and open your nasal passages.	Nasal Congestion	
what to do if i get a nasal congestion?	When you’re stuffed up, focus on keeping your nasal passages and sinuses moist. To keep your nasal passages moist, you can: 1)Use a humidifier or vaporizer. 2)Drink lots of fluids. This will thin out your mucus, which could help prevent blocked sinuses. 3)Place a warm, wet towel on your face. It may relieve discomfort and open your nasal passages.	Nasal Congestion	
Which medicine to take if I have a nasal congestion?	When you’re stuffed up, focus on keeping your nasal passages and sinuses moist. To keep your nasal passages moist, you can: 1)Use a humidifier or vaporizer. 2)Drink lots of fluids. This will thin out your mucus, which could help prevent blocked sinuses. 3)Place a warm, wet towel on your face. It may relieve discomfort and open your nasal passages.	Nasal Congestion	
what to do if i have a blocked nose?	When you’re stuffed up, focus on keeping your nasal passages and sinuses moist. To keep your nasal passages moist, you can: 1)Use a humidifier or vaporizer. 2)Drink lots of fluids. This will thin out your mucus, which could help prevent blocked sinuses. 3)Place a warm, wet towel on your face. It may relieve discomfort and open your nasal passages.	Nasal Congestion	
How do you treat a blocked nose?	When you’re stuffed up, focus on keeping your nasal passages and sinuses moist. To keep your nasal passages moist, you can: 1)Use a humidifier or vaporizer. 2)Drink lots of fluids. This will thin out your mucus, which could help prevent blocked sinuses. 3)Place a warm, wet towel on your face. It may relieve discomfort and open your nasal passages.	Nasal Congestion	
How long does nasal congestion last?	When you’re stuffed up, focus on keeping your nasal passages and sinuses moist. To keep your nasal passages moist, you can: 1)Use a humidifier or vaporizer. 2)Drink lots of fluids. This will thin out your mucus, which could help prevent blocked sinuses. 3)Place a warm, wet towel on your face. It may relieve discomfort and open your nasal passages.	Nasal Congestion	
How to cure cough?	1) Honey:- Use honey to treat a cough, mix 2 teaspoons (tsp) with warm water or an herbal tea. Drink this mixture once or twice a day. Do not give honey to children under 1 year of age. 2) Ginger:- Brew up a soothing ginger tea by adding 20–40 grams (g) of fresh ginger slices to a cup of hot water. Allow to steep for a few minutes before drinking. Add honey or lemon juice to improve the taste and further soothe a cough. 3) Fluids:- Staying hydrated is vital for those with a cough or cold. Research indicates that drinking liquids at room temperature can alleviate a cough, runny nose, and sneezing.	Cough	
How do you treat cough?	1) Honey:- Use honey to treat a cough, mix 2 teaspoons (tsp) with warm water or an herbal tea. Drink this mixture once or twice a day. Do not give honey to children under 1 year of age. 2) Ginger:- Brew up a soothing ginger tea by adding 20–40 grams (g) of fresh ginger slices to a cup of hot water. Allow to steep for a few minutes before drinking. Add honey or lemon juice to improve the taste and further soothe a cough. 3) Fluids:- Staying hydrated is vital for those with a cough or cold. Research indicates that drinking liquids at room temperature can alleviate a cough, runny nose, and sneezing.	Cough	
what to do if i get a cough?	1) Honey:- Use honey to treat a cough, mix 2 teaspoons (tsp) with warm water or an herbal tea. Drink this mixture once or twice a day. Do not give honey to children under 1 year of age. 2) Ginger:- Brew up a soothing ginger tea by adding 20–40 grams (g) of fresh ginger slices to a cup of hot water. Allow to steep for a few minutes before drinking. Add honey or lemon juice to improve the taste and further soothe a cough. 3) Fluids:- Staying hydrated is vital for those with a cough or cold. Research indicates that drinking liquids at room temperature can alleviate a cough, runny nose, and sneezing.	Cough	
Which medicine to take if I get cough?	1) Honey:- Use honey to treat a cough, mix 2 teaspoons (tsp) with warm water or an herbal tea. Drink this mixture once or twice a day. Do not give honey to children under 1 year of age. 2) Ginger:- Brew up a soothing ginger tea by adding 20–40 grams (g) of fresh ginger slices to a cup of hot water. Allow to steep for a few minutes before drinking. Add honey or lemon juice to improve the taste and further soothe a cough. 3) Fluids:- Staying hydrated is vital for those with a cough or cold. Research indicates that drinking liquids at room temperature can alleviate a cough, runny nose, and sneezing.	Cough	
How do you get rid of cough?	1) Honey:- Use honey to treat a cough, mix 2 teaspoons (tsp) with warm water or an herbal tea. Drink this mixture once or twice a day. Do not give honey to children under 1 year of age. 2) Ginger:- Brew up a soothing ginger tea by adding 20–40 grams (g) of fresh ginger slices to a cup of hot water. Allow to steep for a few minutes before drinking. Add honey or lemon juice to improve the taste and further soothe a cough. 3) Fluids:- Staying hydrated is vital for those with a cough or cold. Research indicates that drinking liquids at room temperature can alleviate a cough, runny nose, and sneezing.	Cough	
How do you treat sore throat?	1) Make sure you get plenty of rest and drink a lot of fluids. 2)Inhale steam,Run hot water in a sink.Drape a towel over you to trap the steam, and have the person lean over the sink with the water running. Tell him to breathe deeply through his mouth and nose for 5 to 10 minutes. Repeat several times a day. 3)Have him sip chicken broth or warm tea with honey. Don’t give honey to a child under 12 months of age.	Sore Throat	
what to do if i get a sore throat?	1) Make sure you get plenty of rest and drink a lot of fluids. 2)Inhale steam,Run hot water in a sink.Drape a towel over you to trap the steam, and have the person lean over the sink with the water running. Tell him to breathe deeply through his mouth and nose for 5 to 10 minutes. Repeat several times a day. 3)Have him sip chicken broth or warm tea with honey. Don’t give honey to a child under 12 months of age.	Sore Throat	
Which medicine to take if I get a sore throat?	1) Make sure you get plenty of rest and drink a lot of fluids. 2)Inhale steam,Run hot water in a sink.Drape a towel over you to trap the steam, and have the person lean over the sink with the water running. Tell him to breathe deeply through his mouth and nose for 5 to 10 minutes. Repeat several times a day. 3)Have him sip chicken broth or warm tea with honey. Don’t give honey to a child under 12 months of age.	Sore Throat	
How to cure sore throat?	1) Make sure you get plenty of rest and drink a lot of fluids. 2)Inhale steam,Run hot water in a sink.Drape a towel over you to trap the steam, and have the person lean over the sink with the water running. Tell him to breathe deeply through his mouth and nose for 5 to 10 minutes. Repeat several times a day. 3)Have him sip chicken broth or warm tea with honey. Don’t give honey to a child under 12 months of age.	Sore Throat	
How do you treat gas problems?	1) Replenish body fluids 2)Do not take antidiarrheal drugs or laxatives or pain medication, unless specified by a medical professional.3)Taking antacids may help, per recommendation of a healthcare professional. 4)If prone to frequent heartburns, seek medical help. 5)Taking meals that are not spicy regularly, can relieve ulcer pains. 6)Seek medical help, if conditions persist or continue to worsen	Gastrointestinal problems	
what to do if i have Gastrointestinal problems?	1) Replenish body fluids 2)Do not take antidiarrheal drugs or laxatives or pain medication, unless specified by a medical professional.3)Taking antacids may help, per recommendation of a healthcare professional. 4)If prone to frequent heartburns, seek medical help. 5)Taking meals that are not spicy regularly, can relieve ulcer pains. 6)Seek medical help, if conditions persist or continue to worsen	Gastrointestinal problems	
Which medicine to take if I get gas problem?	1) Replenish body fluids 2)Do not take antidiarrheal drugs or laxatives or pain medication, unless specified by a medical professional.3)Taking antacids may help, per recommendation of a healthcare professional. 4)If prone to frequent heartburns, seek medical help. 5)Taking meals that are not spicy regularly, can relieve ulcer pains. 6)Seek medical help, if conditions persist or continue to worsen	Gastrointestinal problems	
How to cure Gas problems?	1) Replenish body fluids 2)Do not take antidiarrheal drugs or laxatives or pain medication, unless specified by a medical professional.3)Taking antacids may help, per recommendation of a healthcare professional. 4)If prone to frequent heartburns, seek medical help. 5)Taking meals that are not spicy regularly, can relieve ulcer pains. 6)Seek medical help, if conditions persist or continue to worsen	Gastrointestinal problems	
How do you treat Skin problems?	1)Hydrocortisone cream. 2)Ointments like calamine lotion. 3)Antihistamines. 4)Cold compresses. 5)Oatmeal baths. 6)Talk to your doctor about what's best for your specific rash.	Skin problems	
what to do if i get a skin allergy?	1)Hydrocortisone cream. 2)Ointments like calamine lotion. 3)Antihistamines. 4)Cold compresses. 5)Oatmeal baths. 6)Talk to your doctor about what's best for your specific rash.	Skin problems	
Which medicine to take if I get a skin allergy?	1)Hydrocortisone cream. 2)Ointments like calamine lotion. 3)Antihistamines. 4)Cold compresses. 5)Oatmeal baths. 6)Talk to your doctor about what's best for your specific rash.	Skin problems	
How to cure skin allergy?	1)Hydrocortisone cream. 2)Ointments like calamine lotion. 3)Antihistamines. 4)Cold compresses. 5)Oatmeal baths. 6)Talk to your doctor about what's best for your specific rash.	Skin problems	
How do you treat Abdonominal Pain?	1)Provide clear fluids to sip, such as water, broth, or fruit juice diluted with water. 2)Serve bland foods, such as saltine crackers, plain bread, dry toast, rice, gelatin, or applesauce. 3)Avoid spicy or greasy foods and caffeinated or carbonated drinks until 48 hours after all symptoms have gone away. 	Abdonominal Pain	
what to do if i get a Abdonominal Pain?	1)Provide clear fluids to sip, such as water, broth, or fruit juice diluted with water. 2)Serve bland foods, such as saltine crackers, plain bread, dry toast, rice, gelatin, or applesauce. 3)Avoid spicy or greasy foods and caffeinated or carbonated drinks until 48 hours after all symptoms have gone away. 	Abdonominal Pain	
Which medicine to take if I get a Abdonominal Pain?	1)Provide clear fluids to sip, such as water, broth, or fruit juice diluted with water. 2)Serve bland foods, such as saltine crackers, plain bread, dry toast, rice, gelatin, or applesauce. 3)Avoid spicy or greasy foods and caffeinated or carbonated drinks until 48 hours after all symptoms have gone away. 	Abdonominal Pain	
How to cure Abdonominal Pain?	1)Provide clear fluids to sip, such as water, broth, or fruit juice diluted with water. 2)Serve bland foods, such as saltine crackers, plain bread, dry toast, rice, gelatin, or applesauce. 3)Avoid spicy or greasy foods and caffeinated or carbonated drinks until 48 hours after all symptoms have gone away. 	Abdonominal Pain	
How do you treat Bruises?	1)Ice the bruise with an ice pack wrapped in a towel. 2)Leave it in place for 10 to 20 minutes. 3)Repeat several times a day for a day or two as needed. 4)Compress the bruised area if it is swelling, using an elastic bandage. 	Bruises	
what to do if i get a Bruise?	1)Ice the bruise with an ice pack wrapped in a towel. 2)Leave it in place for 10 to 20 minutes. 3)Repeat several times a day for a day or two as needed. 4)Compress the bruised area if it is swelling, using an elastic bandage. 	Bruises	
Which medicine to take if I get a Bruise?	1)Ice the bruise with an ice pack wrapped in a towel. 2)Leave it in place for 10 to 20 minutes. 3)Repeat several times a day for a day or two as needed. 4)Compress the bruised area if it is swelling, using an elastic bandage. 	Bruises	
How to cure Bruises?	1)Ice the bruise with an ice pack wrapped in a towel. 2)Leave it in place for 10 to 20 minutes. 3)Repeat several times a day for a day or two as needed. 4)Compress the bruised area if it is swelling, using an elastic bandage. 	Bruises	
How do you treat a Broken Toe?	1)To help decrease pain and swelling in a broken toe, elevate the foot, ice the injury, and stay off the foot. 2)Depending on the severity of the fracture, the toe may need to be put back into place (reduced), and some compound toe fractures may require surgery.3) Most broken toes heal without complications in six weeks.	Broken Toe	
what to do if i get a Broken Toe?	1)To help decrease pain and swelling in a broken toe, elevate the foot, ice the injury, and stay off the foot. 2)Depending on the severity of the fracture, the toe may need to be put back into place (reduced), and some compound toe fractures may require surgery.3) Most broken toes heal without complications in six weeks.	Broken Toe	
Which medicine to take if I get a Broken Toe?	1)To help decrease pain and swelling in a broken toe, elevate the foot, ice the injury, and stay off the foot. 2)Depending on the severity of the fracture, the toe may need to be put back into place (reduced), and some compound toe fractures may require surgery.3) Most broken toes heal without complications in six weeks.	Broken Toe	
How to cure Broken Toe?	1)To help decrease pain and swelling in a broken toe, elevate the foot, ice the injury, and stay off the foot. 2)Depending on the severity of the fracture, the toe may need to be put back into place (reduced), and some compound toe fractures may require surgery.3) Most broken toes heal without complications in six weeks.	Broken Toe	
How do you treat Choking?	1)Encourage them to keep coughing to try to clear the blockage. 2)Ask them to try to spit out the object if it's in their mouth. 3)If coughing doesn't work, start back blows and Abdonominal thrusts	Choking	
what to do if i get a Choke?	1)Encourage them to keep coughing to try to clear the blockage. 2)Ask them to try to spit out the object if it's in their mouth. 3)If coughing doesn't work, start back blows and Abdonominal thrusts	Choking	
Which medicine to take if I get Choked?	1)Encourage them to keep coughing to try to clear the blockage. 2)Ask them to try to spit out the object if it's in their mouth. 3)If coughing doesn't work, start back blows and Abdonominal thrusts	Choking	
How to cure Choking?	1)Encourage them to keep coughing to try to clear the blockage. 2)Ask them to try to spit out the object if it's in their mouth. 3)If coughing doesn't work, start back blows and Abdonominal thrusts	Choking	
How do you treat a wound?	1)Rinse the cut or wound with water and apply pressure with sterile gauze, a bandage, or a clean cloth. 2)If blood soaks through the bandage, place another bandage on top of the first and keep applying pressure. 3)Raise the injured body part to slow bleeding. 4)When bleeding stops, cover the wound with a new, clean bandage.	Wound	
what to do if i get a Wound?	1)Rinse the cut or wound with water and apply pressure with sterile gauze, a bandage, or a clean cloth. 2)If blood soaks through the bandage, place another bandage on top of the first and keep applying pressure. 3)Raise the injured body part to slow bleeding. 4)When bleeding stops, cover the wound with a new, clean bandage.	Wound	
Which medicine to take if I get wounded?	1)Rinse the cut or wound with water and apply pressure with sterile gauze, a bandage, or a clean cloth. 2)If blood soaks through the bandage, place another bandage on top of the first and keep applying pressure. 3)Raise the injured body part to slow bleeding. 4)When bleeding stops, cover the wound with a new, clean bandage.	Wound	
How to cure a wound?	1)Rinse the cut or wound with water and apply pressure with sterile gauze, a bandage, or a clean cloth. 2)If blood soaks through the bandage, place another bandage on top of the first and keep applying pressure. 3)Raise the injured body part to slow bleeding. 4)When bleeding stops, cover the wound with a new, clean bandage.	Wound	
How do you treat Diarrhea?	1)Hydrating the body is essential for recovering from diarrhea.This causes the body to lose electrolytes such as sodium and chloride. 2)It is highly recommended to avoid dairy products, as they may worsen diarrhea in some people. 3)However, if diarrhea lasts for more than 2 days, seek medical advice to avoid complications.	Diarrhea	
what to do if i get Diarrhea?	1)Hydrating the body is essential for recovering from diarrhea.This causes the body to lose electrolytes such as sodium and chloride. 2)It is highly recommended to avoid dairy products, as they may worsen diarrhea in some people. 3)However, if diarrhea lasts for more than 2 days, seek medical advice to avoid complications.	Diarrhea	
Which medicine to take if I get Diarrhea?	1)Hydrating the body is essential for recovering from diarrhea.This causes the body to lose electrolytes such as sodium and chloride. 2)It is highly recommended to avoid dairy products, as they may worsen diarrhea in some people. 3)However, if diarrhea lasts for more than 2 days, seek medical advice to avoid complications.	Diarrhea	
How to cure Diarrhea?	1)Hydrating the body is essential for recovering from diarrhea.This causes the body to lose electrolytes such as sodium and chloride. 2)It is highly recommended to avoid dairy products, as they may worsen diarrhea in some people. 3)However, if diarrhea lasts for more than 2 days, seek medical advice to avoid complications.	Diarrhea	
How do you treat a Frost bite?	 	Frost bite	
what to do if i get a Frost bite?	 	Frost bite	
Which medicine to take if I get a Frost bite?	 	Frost bite	
How to cure Frost bite?	 	Frost bite	
How do you treat Heat Exhaustion?	 	Heat Exhaustion	
what to do if i feel Exhausted due to heat?	 	Heat Exhaustion	
Which medicine to take if I get Exhausted?	 	Heat Exhaustion	
How to cure Heat Exhaustion?	 	Heat Exhaustion	
How do you treat Heat Stroke?	 	Heat Stroke	
what to do if i get a Heat Stroke?	 	Heat Stroke	
Which medicine to take if I get Stroke?	 	Heat Stroke	
How to cure a Heat Stroke?	 	Heat Stroke	
How do you treat a Insect Bite?	 	Insect Bites	
what to do if a insect bites me?	 	Insect Bites	
Which medicine to take if I get bitten by a insect?	 	Insect Bites	
How to cure insect bite?	 	Insect Bites	
How do you treat a bleeding nose?	 	nose bleed	
what to do if i my nose is bleeding?	 	nose bleed	
Which medicine to take if I get nose bleed?	 	nose bleed	
How to cure nose bleeding?	 	nose bleed	
How do you treat a Pulled Muscle?	 	Pulled Muscle	
what to do if my muscle is pulled?	 	Pulled Muscle	
Which medicine to take if I got pulled muscle?	 	Pulled Muscle	
How to cure a pulled muscle?	 	Pulled Muscle	
How do you treat Rectal Bleeding?	 	Rectal bleeding	
what to do if i get a Rectal Bleeding?	 	Rectal bleeding	
Which medicine to take if I get Rectal Bleeding?	 	Rectal bleeding	
How to cure Rectal Bleeding?	 	Rectal bleeding	
How do you treat Sun Burn?	 	Sun Burn	
what to do if i get a Sun Burn?	 	Sun Burn	
Which medicine to take if I get Sun Burn?	 	Sun Burn	
How to cure a Sun Burn?	 	Sun Burn	
How do you treat Testicle Pain?	 	Testicle Pain	
what to do if i get a Testicle Pain?	 	Testicle Pain	
Which medicine to take if I get a Testicle Pain?	 	Testicle Pain	
How to cure Testicle Pain?	 	Testicle Pain	
How do you treat a Vertigo?	 	Vertigo	
what to do if i get a Vertigo?	 	Vertigo	
Which medicine to take if I get Vertigo?	 	Vertigo	
How to cure a Vertigo?	 	Vertigo	
How do you treat bleeding?	 	Normal Bleeding	
what to do if i get a Bleeding?	 	Normal Bleeding	
Which medicine to take if I get bleeding?	 	Normal Bleeding	
How to cure Bleeding?	 	Normal Bleeding	
How do you treat an eye Injury?	 	Eye Injury	
what to do if i get a eye Injury?	 	Eye Injury	
Which medicine to take if I injured my eye?	 	Eye Injury	
How to cure injured eye?	 	Eye Injury	
How do you treat a chemical burn?	 	Chemical Burn	
what to do if i get a Chemical Burn?	 	Chemical Burn	
Which medicine to take if I get burn due to chemicals?	 	Chemical Burn	
How to cure Chemical Burn?	 	Chemical Burn	
How do you treat a Poison?	 	Poison	
what to do if i get Poison?	 	Poison	
Which medicine to take if I am poisoned?	 	Poison	
How to cure Poisoning?	 	Poison	
How do you treat broken Teeth ?	 	Teeth	
what to do if my Teeth got broken?	 	Teeth	
Which medicine to take if I get broken teeth?	 	Teeth	
cure broken teeth?	 	Teeth	
How do you treat a seizure?	 	seizure	
what to do if i get a seizure?	 	seizure	
Which medicine to take if I get seizure?	 	seizure	
How to cure seizure?	 	seizure	
How do you treat a head Injury?	 	Head Injury	
what to do if i get a Head Injury?	 	Head Injury	
Which medicine to take if I get injured in the head?	 	Head Injury	
How to cure Head Injury?	 	Head Injury	
How do you treat Faint?	 	Fainting	
what to do if i feel like Fainting?	 	Fainting	
Which medicine to take if I get a Faint?	 	Fainting	
How to cure Fainting?	 	Fainting	
How do you treat a mild Headache?	Give ibuprofen (Advil, Motrin), aspirin, or acetaminophen (Tylenol) for pain. Avoid ibuprofen and other NSAIDs if the person has heart failure or kidney failure. Do not give aspirin to a child under age 18.	Headache	
what to do if i get a mild Headache?	Give ibuprofen (Advil, Motrin), aspirin, or acetaminophen (Tylenol) for pain. Avoid ibuprofen and other NSAIDs if the person has heart failure or kidney failure. Do not give aspirin to a child under age 18.	Headache	
Which medicine to take if I have a mild headache?	Give ibuprofen (Advil, Motrin), aspirin, or acetaminophen (Tylenol) for pain. Avoid ibuprofen and other NSAIDs if the person has heart failure or kidney failure. Do not give aspirin to a child under age 18.	Headache	
How to cure a mild headache?	Give ibuprofen (Advil, Motrin), aspirin, or acetaminophen (Tylenol) for pain. Avoid ibuprofen and other NSAIDs if the person has heart failure or kidney failure. Do not give aspirin to a child under age 18.	Headache	
How do you treat a Cold?	1)Keeping hydrated is absolutely vital to help 'flush' out the cold, as well as to break down congestion and keep your throat lubricated. 2)Vitamin C is extremely helpful when fighting infection, so at the first sign of a cold be sure to increase your intake by eating plenty of berries, citrus fruits, papayas, broccoli and red peppers which will help keep you protected. 3)When it comes to combating a cold,Vitamin D is essential in helping to regulate immune response.	Cold	
what to do if i get a mild Cold?	1)Keeping hydrated is absolutely vital to help 'flush' out the cold, as well as to break down congestion and keep your throat lubricated. 2)Vitamin C is extremely helpful when fighting infection, so at the first sign of a cold be sure to increase your intake by eating plenty of berries, citrus fruits, papayas, broccoli and red peppers which will help keep you protected. 3)When it comes to combating a cold,Vitamin D is essential in helping to regulate immune response.	Cold	
Which medicine to take if I have a Cold?	1)Keeping hydrated is absolutely vital to help 'flush' out the cold, as well as to break down congestion and keep your throat lubricated. 2)Vitamin C is extremely helpful when fighting infection, so at the first sign of a cold be sure to increase your intake by eating plenty of berries, citrus fruits, papayas, broccoli and red peppers which will help keep you protected. 3)When it comes to combating a cold,Vitamin D is essential in helping to regulate immune response.	Cold	
How to cure Cold?	1)Keeping hydrated is absolutely vital to help 'flush' out the cold, as well as to break down congestion and keep your throat lubricated. 2)Vitamin C is extremely helpful when fighting infection, so at the first sign of a cold be sure to increase your intake by eating plenty of berries, citrus fruits, papayas, broccoli and red peppers which will help keep you protected. 3)When it comes to combating a cold,Vitamin D is essential in helping to regulate immune response.	Cold	
How do you treat Rashes?	1)Olive oil helps in healing and promotes skin renewal given it is packed with vitamin E and antioxidants. It also soothes the skin and reduces itching. 2)Baking soda is useful in drying skin rashes as also in relieving itching and inflammation. 3)Aloe Vera,Thanks to its antibacterial, antifungal, anti-inflammatory and emollient properties, aloe vera is excellent for treating a number of skin ailments including rashes as also soothing the skin.	Rash	
what to do if i get a Rash?	1)Olive oil helps in healing and promotes skin renewal given it is packed with vitamin E and antioxidants. It also soothes the skin and reduces itching. 2)Baking soda is useful in drying skin rashes as also in relieving itching and inflammation. 3)Aloe Vera,Thanks to its antibacterial, antifungal, anti-inflammatory and emollient properties, aloe vera is excellent for treating a number of skin ailments including rashes as also soothing the skin.	Rash	
Which medicine to take if I have a Rash?	1)Olive oil helps in healing and promotes skin renewal given it is packed with vitamin E and antioxidants. It also soothes the skin and reduces itching. 2)Baking soda is useful in drying skin rashes as also in relieving itching and inflammation. 3)Aloe Vera,Thanks to its antibacterial, antifungal, anti-inflammatory and emollient properties, aloe vera is excellent for treating a number of skin ailments including rashes as also soothing the skin.	Rash	
How to cure Rash?	1)Olive oil helps in healing and promotes skin renewal given it is packed with vitamin E and antioxidants. It also soothes the skin and reduces itching. 2)Baking soda is useful in drying skin rashes as also in relieving itching and inflammation. 3)Aloe Vera,Thanks to its antibacterial, antifungal, anti-inflammatory and emollient properties, aloe vera is excellent for treating a number of skin ailments including rashes as also soothing the skin.	Rash	
How do you treat a snake bite?	While waiting for medical help: 1)Move the person beyond striking distance of the snake. 2)Have the person lie down with wound below the heart. 3)Keep the person calm and at rest, remaining as still as possible to keep venom from spreading. 4)Cover the wound with loose, sterile bandage. 5)Remove any jewelry from the area that was bitten. 6)Remove shoes if the leg or foot was bitten.	snake bite	
what to do if i get a snake bite?	While waiting for medical help: 1)Move the person beyond striking distance of the snake. 2)Have the person lie down with wound below the heart. 3)Keep the person calm and at rest, remaining as still as possible to keep venom from spreading. 4)Cover the wound with loose, sterile bandage. 5)Remove any jewelry from the area that was bitten. 6)Remove shoes if the leg or foot was bitten.	snake bite	
Which medicine to take if I get a snake bite?	While waiting for medical help: 1)Move the person beyond striking distance of the snake. 2)Have the person lie down with wound below the heart. 3)Keep the person calm and at rest, remaining as still as possible to keep venom from spreading. 4)Cover the wound with loose, sterile bandage. 5)Remove any jewelry from the area that was bitten. 6)Remove shoes if the leg or foot was bitten.	snake bite	
How to cure snake bite?	While waiting for medical help: 1)Move the person beyond striking distance of the snake. 2)Have the person lie down with wound below the heart. 3)Keep the person calm and at rest, remaining as still as possible to keep venom from spreading. 4)Cover the wound with loose, sterile bandage. 5)Remove any jewelry from the area that was bitten. 6)Remove shoes if the leg or foot was bitten.	snake bite	
i got bit by a snake	While waiting for medical help: 1)Move the person beyond striking distance of the snake. 2)Have the person lie down with wound below the heart. 3)Keep the person calm and at rest, remaining as still as possible to keep venom from spreading. 4)Cover the wound with loose, sterile bandage. 5)Remove any jewelry from the area that was bitten. 6)Remove shoes if the leg or foot was bitten.	snake bite	
How do you treat a animal bite?	1)Wash the wound with soap and warm water. 2)Gently press a clean cloth over the wound to stop the flow of blood. 3)Apply an antibacterial ointment to the wound. 4)Cover with a sterile bandage. 5)Watch for signs of infection. 6)Seek help if you suspect infection or possible exposure to rabies, or if the wound is severe.	animal bite	
How do you treat a monkey bite?	1)Wash the wound with soap and warm water. 2)Gently press a clean cloth over the wound to stop the flow of blood. 3)Apply an antibacterial ointment to the wound. 4)Cover with a sterile bandage. 5)Watch for signs of infection. 6)Seek help if you suspect infection or possible exposure to rabies, or if the wound is severe.	animal bite	
How do you treat a dog bite?	1)Wash the wound with soap and warm water. 2)Gently press a clean cloth over the wound to stop the flow of blood. 3)Apply an antibacterial ointment to the wound. 4)Cover with a sterile bandage. 5)Watch for signs of infection. 6)Seek help if you suspect infection or possible exposure to rabies, or if the wound is severe.	animal bite	
what to do if i get a animal bite?	1)Wash the wound with soap and warm water. 2)Gently press a clean cloth over the wound to stop the flow of blood. 3)Apply an antibacterial ointment to the wound. 4)Cover with a sterile bandage. 5)Watch for signs of infection. 6)Seek help if you suspect infection or possible exposure to rabies, or if the wound is severe.	animal bite	
Which medicine to take if I get a monekey bite?	1)Wash the wound with soap and warm water. 2)Gently press a clean cloth over the wound to stop the flow of blood. 3)Apply an antibacterial ointment to the wound. 4)Cover with a sterile bandage. 5)Watch for signs of infection. 6)Seek help if you suspect infection or possible exposure to rabies, or if the wound is severe.	animal bite	
How to cure dog bite?	1)Wash the wound with soap and warm water. 2)Gently press a clean cloth over the wound to stop the flow of blood. 3)Apply an antibacterial ointment to the wound. 4)Cover with a sterile bandage. 5)Watch for signs of infection. 6)Seek help if you suspect infection or possible exposure to rabies, or if the wound is severe.	animal bite	
i got bit by a dog	1)Wash the wound with soap and warm water. 2)Gently press a clean cloth over the wound to stop the flow of blood. 3)Apply an antibacterial ointment to the wound. 4)Cover with a sterile bandage. 5)Watch for signs of infection. 6)Seek help if you suspect infection or possible exposure to rabies, or if the wound is severe.	animal bite	
What to do if someone is Drowning?	1)Place your ear next to the person's mouth and nose. Do you feel air on your cheek? 2)Look to see if the person's chest is moving.If the Person is Not Breathing, Check Pulse. 3)Check the person's pulse for 10 seconds.If There is No Pulse, Start CPR.	Drowning	
what to do if someone drowned?	1)Place your ear next to the person's mouth and nose. Do you feel air on your cheek? 2)Look to see if the person's chest is moving.If the Person is Not Breathing, Check Pulse. 3)Check the person's pulse for 10 seconds.If There is No Pulse, Start CPR.	Drowning	
What steps to take if i see a drowning person?	1)Place your ear next to the person's mouth and nose. Do you feel air on your cheek? 2)Look to see if the person's chest is moving.If the Person is Not Breathing, Check Pulse. 3)Check the person's pulse for 10 seconds.If There is No Pulse, Start CPR.	Drowning	
How to help a drowning person?	1)Place your ear next to the person's mouth and nose. Do you feel air on your cheek? 2)Look to see if the person's chest is moving.If the Person is Not Breathing, Check Pulse. 3)Check the person's pulse for 10 seconds.If There is No Pulse, Start CPR.	Drowning	
How to give CPR??	1)For an adult or child, place the heel of one hand on the center of the chest at the nipple line. You can also push with one hand on top of the other. For an infant, place two fingers on the breastbone. 2)For an adult or child, press down at least 2 inches. Make sure not to press on ribs. For an infant, press down about 1 and 1/2 inches. Make sure not to press on the end of the breastbone. 3)Do chest compressions only, at the rate of 100-120 per minute or more. Let the chest rise completely between pushes. 4)Check to see if the person has started breathing.	CPR	
what to do in a CPR?	1)For an adult or child, place the heel of one hand on the center of the chest at the nipple line. You can also push with one hand on top of the other. For an infant, place two fingers on the breastbone. 2)For an adult or child, press down at least 2 inches. Make sure not to press on ribs. For an infant, press down about 1 and 1/2 inches. Make sure not to press on the end of the breastbone. 3)Do chest compressions only, at the rate of 100-120 per minute or more. Let the chest rise completely between pushes. 4)Check to see if the person has started breathing.	CPR	
What steps to take in a CPR??	1)For an adult or child, place the heel of one hand on the center of the chest at the nipple line. You can also push with one hand on top of the other. For an infant, place two fingers on the breastbone. 2)For an adult or child, press down at least 2 inches. Make sure not to press on ribs. For an infant, press down about 1 and 1/2 inches. Make sure not to press on the end of the breastbone. 3)Do chest compressions only, at the rate of 100-120 per minute or more. Let the chest rise completely between pushes. 4)Check to see if the person has started breathing.	CPR	
How to help a drowning person in CPR?	1)For an adult or child, place the heel of one hand on the center of the chest at the nipple line. You can also push with one hand on top of the other. For an infant, place two fingers on the breastbone. 2)For an adult or child, press down at least 2 inches. Make sure not to press on ribs. For an infant, press down about 1 and 1/2 inches. Make sure not to press on the end of the breastbone. 3)Do chest compressions only, at the rate of 100-120 per minute or more. Let the chest rise completely between pushes. 4)Check to see if the person has started breathing.	CPR	
How do you treat a Fracture?	1)Stop any bleeding. Apply pressure to the wound with a sterile bandage, a clean cloth or a clean piece of clothing. 2)Immobilize the injured area. Don't try to realign the bone or push a bone that's sticking out back in. If you've been trained in how to splint and professional help isn't readily available, apply a splint to the area above and below the fracture sites. Padding the splints can help reduce discomfort. 3)Apply ice packs to limit swelling and help relieve pain. Don't apply ice directly to the skin. Wrap the ice in a towel, piece of cloth or some other material. 4)Treat for shock. If the person feels faint or is breathing in short, rapid breaths, lay the person down with the head slightly lower than the trunk and, if possible, elevate the legs.	Fracture	
what to do if i get a Fracture?	1)Stop any bleeding. Apply pressure to the wound with a sterile bandage, a clean cloth or a clean piece of clothing. 2)Immobilize the injured area. Don't try to realign the bone or push a bone that's sticking out back in. If you've been trained in how to splint and professional help isn't readily available, apply a splint to the area above and below the fracture sites. Padding the splints can help reduce discomfort. 3)Apply ice packs to limit swelling and help relieve pain. Don't apply ice directly to the skin. Wrap the ice in a towel, piece of cloth or some other material. 4)Treat for shock. If the person feels faint or is breathing in short, rapid breaths, lay the person down with the head slightly lower than the trunk and, if possible, elevate the legs.	Fracture	
Which medicine to take if I have a Fracture?	1)Stop any bleeding. Apply pressure to the wound with a sterile bandage, a clean cloth or a clean piece of clothing. 2)Immobilize the injured area. Don't try to realign the bone or push a bone that's sticking out back in. If you've been trained in how to splint and professional help isn't readily available, apply a splint to the area above and below the fracture sites. Padding the splints can help reduce discomfort. 3)Apply ice packs to limit swelling and help relieve pain. Don't apply ice directly to the skin. Wrap the ice in a towel, piece of cloth or some other material. 4)Treat for shock. If the person feels faint or is breathing in short, rapid breaths, lay the person down with the head slightly lower than the trunk and, if possible, elevate the legs.	Fracture	
How to cure a Fracture?	1)Stop any bleeding. Apply pressure to the wound with a sterile bandage, a clean cloth or a clean piece of clothing. 2)Immobilize the injured area. Don't try to realign the bone or push a bone that's sticking out back in. If you've been trained in how to splint and professional help isn't readily available, apply a splint to the area above and below the fracture sites. Padding the splints can help reduce discomfort. 3)Apply ice packs to limit swelling and help relieve pain. Don't apply ice directly to the skin. Wrap the ice in a towel, piece of cloth or some other material. 4)Treat for shock. If the person feels faint or is breathing in short, rapid breaths, lay the person down with the head slightly lower than the trunk and, if possible, elevate the legs.	Fracture	
